Feature,Importance
Livable Space (m2),60.6331331025172
Avg_Taxable_Income,14.224842062458405
Province,11.384347089526287
State of the Building,7.703337152929954
Subtype of Property_Grouped,6.054340592568147
